1073289	anna	(None)	(None)	(None)	86e9d2aa27ca8a70098729ec3755b044	False
984221	Brooke	(None)	(None)	(None)	b19dc51abf35dd8b40b1ca3049dfa2f2	False
275742	Natasha	(None)	(None)	(None)	328e8f2522ed586f24726537907e9e01	False
1536461	valentine	(None)	(None)	(None)	3a067f0cf5316de11282ba8e33cf44a2	False
1550767	Jason	(None)	(None)	(None)	487e0b18f1f1904f5d917bdfbfc02eca	False
1548578	Darren	(None)	(None)	(None)	5259e078590e729b05d937bba4890b16	False
1564592	nicole	(None)	(None)	(None)	24dbf577cc218b04e0e7a81ce8a1d77e	False
1515656	Md Belal	(None)	(None)	(None)	6f571c5c9c6f290e192e5cd0fa9f9340	False
1524947	Cora	(None)	(None)	(None)	ef21d5712d7ecc07c283fea41df9e52d	False
1419746	Joshua	(None)	(None)	(None)	a3e872dc5e6544e4c6b320f49fd91d38	False
1578395	Roseanna	(None)	(None)	(None)	73c0d9a522dad5a58247f1c6a62b81ea	False
952207	Megan	(None)	(None)	(None)	d0116f11b0e4d2cdd1a630b177d68c26	False
1567871	Kerri	(None)	(None)	(None)	30a128df36a0bdfeb5ba66f32e52e1ad	False
1433908	Rachel	(None)	(None)	(None)	c4e6637c1952f796268462c48cef18ba	False
964685	Teresa	(None)	(None)	(None)	999ac1f5e55b787ac9493c6af3e6a733	False
1334243	Jennifer	(None)	(None)	(None)	4fac6ddd874afd61d2f134c579efae1f	False
1374066	Cassandra	(None)	(None)	(None)	53802c5d6747aa51d2b4611a2178b150	False
555220	Paula	(None)	(None)	(None)	1880b41d8dbbc951249ddfc7bd4edc49	False
1518934	Nick	(None)	(None)	(None)	d54214e65cc8657a29c9daa2e20ed713	False
1531633	Ryonda	(None)	(None)	(None)	8b93090d967c51c8120511da5146ece2	False
106743	Suzanne	(None)	Oct. 16, 2015, 3:38 p.m.	Purple Robot 2.0.2	1985a31dbf1506f09075f6ab891e8653	False
1126438	Scott	(None)	(None)	(None)	32d2d4399fa2e67880a9d46ce8465973	False
1496251	chris	(None)	Oct. 17, 2015, 10:17 p.m.	Purple Robot 2.0.2	04b20b63bcebfb05197312fb15d1ebe8	False
575209	Erin	(None)	(None)	(None)	019869f7659f7617eea8314fa2837c14	False
1312819	Jennifer	(None)	(None)	(None)	18ed9b2fce989d09b21e0802f6081b1d	False
1328568	regina	(None)	(None)	(None)	405d6e2742bf307c13a87f276adbe205	False
1533327	Gia	(None)	(None)	(None)	4c1eac3a45d4b2913af04bcc0cb7cc87	False
1294671	ella	(None)	Oct. 17, 2015, 6:40 p.m.	Purple Robot 2.0.2	9b5516186f338c6b924279bb089cadb0	False
1367477	Vanessa	(None)	(None)	(None)	2f917db883a046fa359fb7becd486831	False
1536580	amy	(None)	(None)	(None)	96c385327537c2bbe2bde85112211eed	False
1560722	Kathy	(None)	(None)	(None)	0deb068e7a966c1ac4b856f56d793efe	False
1328707	Melinda	(None)	(None)	(None)	7ae5246b56fa21ed6737080eb6702b2d	False
1550259	Britney	(None)	(None)	(None)	6dc1864c653debe18caad3e86b24ec33	False
1559190	Lisa	(None)	(None)	(None)	cfa6fb84e77579fdbdd9966698c83a57	False
1464458	charles	(None)	(None)	(None)	ae0518357d105c39e5ba73105def098f	False
1479464	Anna	(None)	(None)	(None)	1aa31f960ed8d6298adcb09db150ffe6	False
1307868	Barbara	(None)	(None)	(None)	69ccee57e92ddaa744eb11f1eee904b4	False
1355344	Holly	(None)	(None)	(None)	366ab7c506abea0a0e89b16ef74dbe6f	False
1503395	Tina	(None)	(None)	(None)	c0319e15320c785328135e7123e23a1d	False
1422927	Steven	(None)	(None)	(None)	16cc03a44befbd23b7f47076a214ba3b	False
1569370	Kristen	(None)	(None)	(None)	10356d221b673bc8796eb3601dd94863	False
1495360	Gladis	(None)	(None)	(None)	760aadbcbe73dc7057937f5a6f833598	False
1531829	Vickie	(None)	(None)	(None)	78c9dd9f02225dec7c2e9f26581e8839	False
1505268	amanda	(None)	Oct. 15, 2015, 9:13 p.m.	Purple Robot 2.0.0	1fb61096ab647f60c811f6fc2659a508	False
249499	Amy	(None)	(None)	(None)	c8c2b00d5f3a5d11d53b74ac98e24a23	False
1444502	linda	(None)	(None)	(None)	d52ab5e78a3907527e0d447193811d46	False
1401878	Nicole	(None)	(None)	(None)	5cf7e37246ad01ac927249020df15f5c	False
662410	Yvonne	(None)	(None)	(None)	210f010a34f15649c3c6bf18b7a86d12	False
975553	Gloria	(None)	(None)	(None)	9384ce5a775991e05bf2215cf270399d	False
872451	Jessica	(None)	(None)	(None)	f37be48ffbd56037b8717b8524a1811f	False
391378	John	(None)	(None)	(None)	d6d3528aa6bc7c687dc406d7633a6de9	False
62977	Pattie	(None)	(None)	(None)	83419ff790d5005f4c36805e7a3d0dfb	False
945083	amanda	(None)	(None)	(None)	63912237fec3f9a7ab6913881691332d	False
1108123	Lara	(None)	(None)	(None)	f145d2ce51dff0d04331fee1ee2d8df7	False
1090109	Cindy	(None)	(None)	(None)	cb8e18fdb435765f2867216f39844954	False
1126979	Savannah	(None)	(None)	(None)	944476f07fd19665fe17d8e28467e97a	False
1177977	vikki	(None)	(None)	(None)	ecd23cd310a12317738b867a3f515170	False
1183252	canise	(None)	(None)	(None)	0b0dacb407c4a683ea9371c5c2a51afe	False
1147164	Marilyn	(None)	(None)	(None)	537c41b704388241a2d5ba8ce5d2745a	False
1234088	Zachariah	(None)	(None)	(None)	7879695246de78452f6ae6ed7a033d8f	False
1255682	Kathleen	(None)	(None)	(None)	fee88ace8bfe0bc9f04e24a524006bab	False
619634	Pam	(None)	(None)	(None)	41075fedfe8be910933abfd20de232c8	False
250080	Stephanie	(None)	(None)	(None)	bd0292ef4256183182e636e9759264d2	False
919141	Gerry	(None)	(None)	(None)	952dfd345e7dd32adc1f997179f7b0a6	False
636646	shelley	(None)	(None)	(None)	467e54f4e176e42b953788255b5d55f0	False
1270329	Kaleb	(None)	(None)	(None)	51d04fac5d4466f7a26cec0510031ff4	False
1079411	Deborah	(None)	(None)	(None)	b2f585b1b081050d5a1328b77479445c	False
863054	Nattasha	(None)	(None)	(None)	f94fb9091212b42a2139dad33606d368	False
1217425	Jessica	(None)	(None)	(None)	6a182768e3b037af454885459141809d	False
1061128	Amanda	(None)	(None)	(None)	ae93b55887c9327ec3b373593c485694	False
639010	Sandra	(None)	(None)	(None)	760a1e6aff310f979ba51445ca98b062	False
828778	Victoria	(None)	(None)	(None)	2f5828a76aab9a5c7dddf97ff628bd1e	False
1272711	Marlys	(None)	(None)	(None)	2a0283606eef71b73a39f75080d53f9c	False
1078563	Rachael	(None)	(None)	(None)	9722d47d1665b03214574e0a695d8ff2	False
1157796	Sandra	(None)	(None)	(None)	e7ba6e1ac8a6ab1a153e816cc2b64ae2	False
1027472	Teresa	(None)	(None)	(None)	7682129479bce468fefab28940efdeac	False
1054952	Candice	(None)	(None)	(None)	a4c3b16f6ad628ce56f8a73a5ef16034	False
1244644	Michelle	(None)	(None)	(None)	8a087bcea787b669d00da8b2d01b2550	False
1179075	Ian	(None)	(None)	(None)	5359125b9c78fad6ef89378dfec092f8	False
765488	jason	(None)	(None)	(None)	4309eda3ab72b01f0685778fc19d01cc	False
630742	Shawn	(None)	(None)	(None)	f92966df65518cf7e38a7cfd1b2a0273	False
1199841	bev	(None)	(None)	(None)	fb3d9d4a8ae32fc44bf995121abc85e0	False
691840	Randy	(None)	(None)	(None)	364334dfe6e344f284998eb0b75fe417	False
616751	Qiana	(None)	(None)	(None)	d51da07d12d831e80ce883898ca50519	False
44448	Mark	(None)	(None)	(None)	cfb215a2172413b879f26a7094f70bcc	False
44450	Laura	(None)	Sept. 29, 2015, 12:26 p.m.	Purple Robot 1.6.22	04fae60fb65ed1515d4d9baa61e73adb	False
44451	Konrad	(None)	(None)	(None)	072278eca9b171854f70564769acae45	False
44444	Liz	(None)	Sept. 29, 2015, 11:32 a.m.	Purple Robot 1.6.22	79b7cdcd14db14e9cb498f1793817d69	False
44457	Colleen	(None)	Sept. 29, 2015, 11:47 a.m.	Purple Robot 1.6.22	fefe447107ab48d504ca4865c1a69dd2	False
44452	Chris Brenner	(None)	Sept. 24, 2015, 6:58 p.m.	Purple Robot 1.6.22	e12c76ac7c27a883f030e9b9807441e5	False
44447	Marya	(None)	Sept. 29, 2015, 11:28 a.m.	Purple Robot 1.6.22	1c3b8eb6f614211ba5d02b9db2b5866f	False
44449	Alan	(None)	Oct. 9, 2015, 12:25 p.m.	Purple Robot 1.9.9	45c04c3ce3edf82e8849d8b1f77debc4	False
